<?xml version="1.0" ?>
<Location>
  <Restaurant name="Ali's Frittenbude">
    <Menu>
      <Dish name="Gericht 1" price="10.99"/>
      <Dish name="Gericht 2" price="12.99"/>
      <Dish name="Gericht 3" price="8.99"/>
    </Menu>
  </Restaurant>
  <Restaurant name="Frank's Kebab">
    <Menu>
      <Dish name="Gericht A" price="11.99"/>
      <Dish name="Gericht B" price="14.99"/>
      <Dish name="Gericht C" price="9.99"/>
    </Menu>
  </Restaurant>
  <Restaurant name="Luigi's Diner">
    <Menu>
      <Dish name="Gericht X" price="13.99"/>
      <Dish name="Gericht Y" price="15.99"/>
      <Dish name="Gericht Z" price="10.99"/>
    </Menu>
  </Restaurant>
  <Restaurant name="Olga's Sushi">
    <Menu>
      <Dish name="Gericht Alpha" price="12.99"/>
      <Dish name="Gericht Beta" price="13.99"/>
      <Dish name="Gericht Gamma" price="9.99"/>
    </Menu>
  </Restaurant>
  <Restaurant name="Émilienne's Burger">
    <Menu>
      <Dish name="Gericht I" price="14.99"/>
      <Dish name="Gericht II" price="16.99"/>
      <Dish name="Gericht III" price="11.99"/>
    </Menu>
  </Restaurant>
</Location>
